State,RTO,Variant,OEM,2024-01-31,2024-02-29,2024-03-31,2024-04-30,2024-05-31,2024-06-30,2024-07-31,2024-08-31,2024-09-30,2024-10-31,2024-11-30,2024-12-31,2025-01-31,2025-02-28,2025-03-31,2025-04-30,2025-05-31,2025-06-30,2025-07-31,2025-08-31,2025-09-30,2025-10-31,2025-11-30
Assam,BARPETA - AS15,E2W,ATHER ENERGY LTD,0.0,0.0,0.0,0.0,0.0,0.0,0.0,0.0,0.0,0.0,0.0,0.0,0.0,0.0,0.0,2.0,0.0,0.0,0.0,0.0,0.0,0.0,0.0
Assam,BARPETA - AS15,E2W,BAJAJ AUTO LTD,0.0,0.0,0.0,0.0,0.0,0.0,0.0,0.0,0.0,0.0,0.0,0.0,4.0,10.0,4.0,4.0,6.0,8.0,2.0,2.0,0.0,12.0,4.0
Assam,BARPETA - AS15,E2W,CHINA HAOCHEN (IMPORTER: ADMS MARKETING),0.0,0.0,0.0,0.0,0.0,0.0,0.0,0.0,0.0,0.0,0.0,0.0,8.0,0.0,8.0,0.0,0.0,0.0,2.0,0.0,0.0,0.0,0.0
Assam,BARPETA - AS15,E2W,GREAVES ELECTRIC MOBILITY PVT LTD,0.0,0.0,0.0,0.0,0.0,0.0,0.0,0.0,0.0,0.0,0.0,0.0,0.0,0.0,0.0,0.0,0.0,0.0,0.0,2.0,2.0,0.0,0.0
Assam,BARPETA - AS15,E2W,HERO MOTOCORP LTD,0.0,0.0,0.0,0.0,0.0,0.0,0.0,0.0,0.0,0.0,0.0,0.0,0.0,0.0,0.0,2.0,0.0,0.0,0.0,0.0,0.0,0.0,0.0
Assam,BARPETA - AS15,E2W,OLA ELECTRIC TECHNOLOGIES PVT LTD,0.0,0.0,0.0,0.0,0.0,0.0,0.0,0.0,0.0,0.0,0.0,0.0,0.0,0.0,6.0,2.0,4.0,2.0,2.0,2.0,0.0,6.0,4.0
Assam,BARPETA - AS15,E2W,SOKUDO ELECTRIC INDIA PVT LTD,0.0,0.0,0.0,0.0,0.0,0.0,0.0,0.0,0.0,0.0,0.0,0.0,0.0,0.0,0.0,0.0,0.0,0.0,0.0,0.0,0.0,4.0,2.0
Assam,BARPETA - AS15,E2W,TVS MOTOR COMPANY LTD,0.0,0.0,0.0,0.0,0.0,0.0,0.0,0.0,0.0,0.0,0.0,0.0,6.0,4.0,6.0,6.0,8.0,6.0,14.0,6.0,2.0,6.0,4.0
Assam,BASKA - AS28,E2W,BAJAJ AUTO LTD,0.0,0.0,0.0,0.0,0.0,0.0,0.0,0.0,0.0,0.0,0.0,0.0,2.0,10.0,4.0,6.0,2.0,2.0,0.0,0.0,0.0,0.0,0.0
Assam,BASKA - AS28,E2W,GREAVES ELECTRIC MOBILITY PVT LTD,0.0,0.0,0.0,0.0,0.0,0.0,0.0,0.0,0.0,0.0,0.0,0.0,0.0,0.0,0.0,0.0,2.0,0.0,0.0,0.0,0.0,0.0,0.0
Assam,BASKA - AS28,E2W,HONGKONG YIXING (IMPORTER: ADMS MARKETING),0.0,0.0,0.0,0.0,0.0,0.0,0.0,0.0,0.0,0.0,0.0,0.0,0.0,0.0,0.0,0.0,0.0,0.0,0.0,0.0,0.0,0.0,0.0
Assam,BASKA - AS28,E2W,OLA ELECTRIC TECHNOLOGIES PVT LTD,0.0,0.0,0.0,0.0,0.0,0.0,0.0,0.0,0.0,0.0,0.0,0.0,2.0,2.0,2.0,0.0,0.0,0.0,4.0,0.0,0.0,0.0,0.0
Assam,BASKA - AS28,E2W,TVS MOTOR COMPANY LTD,0.0,0.0,0.0,0.0,0.0,0.0,0.0,0.0,0.0,0.0,0.0,0.0,0.0,2.0,2.0,6.0,6.0,0.0,0.0,2.0,0.0,2.0,0.0
Assam,BISWANATH CHARIALI - AS32,E2W,BAJAJ AUTO LTD,0.0,0.0,0.0,0.0,0.0,0.0,0.0,0.0,0.0,0.0,0.0,0.0,2.0,0.0,0.0,0.0,2.0,2.0,0.0,2.0,0.0,0.0,0.0
Assam,BISWANATH CHARIALI - AS32,E2W,KINETIC GREEN ENERGY & POWER SOLUTIONS LTD,0.0,0.0,0.0,0.0,0.0,0.0,0.0,0.0,0.0,0.0,0.0,0.0,0.0,0.0,0.0,0.0,4.0,0.0,2.0,0.0,2.0,0.0,2.0
Assam,BISWANATH CHARIALI - AS32,E2W,OLA ELECTRIC TECHNOLOGIES PVT LTD,0.0,0.0,0.0,0.0,0.0,0.0,0.0,0.0,0.0,0.0,0.0,0.0,0.0,0.0,0.0,0.0,0.0,0.0,2.0,0.0,2.0,2.0,0.0
Assam,BISWANATH CHARIALI - AS32,E2W,TVS MOTOR COMPANY LTD,0.0,0.0,0.0,0.0,0.0,0.0,0.0,0.0,0.0,0.0,0.0,0.0,0.0,0.0,0.0,0.0,0.0,0.0,0.0,2.0,0.0,2.0,0.0
Assam,BONGAIGAON - AS19,E2W,ATHER ENERGY LTD,0.0,0.0,0.0,0.0,0.0,0.0,0.0,0.0,0.0,0.0,0.0,0.0,2.0,0.0,0.0,0.0,0.0,0.0,0.0,0.0,0.0,0.0,0.0
Assam,BONGAIGAON - AS19,E2W,BAJAJ AUTO LTD,0.0,0.0,0.0,0.0,0.0,0.0,0.0,0.0,0.0,0.0,0.0,0.0,0.0,0.0,0.0,0.0,4.0,0.0,0.0,0.0,0.0,2.0,0.0
Assam,BONGAIGAON - AS19,E2W,GREAVES ELECTRIC MOBILITY PVT LTD,0.0,0.0,0.0,0.0,0.0,0.0,0.0,0.0,0.0,0.0,0.0,0.0,6.0,8.0,0.0,2.0,4.0,10.0,8.0,10.0,4.0,18.0,12.0
Assam,BONGAIGAON - AS19,E2W,HERO MOTOCORP LTD,0.0,0.0,0.0,0.0,0.0,0.0,0.0,0.0,0.0,0.0,0.0,0.0,0.0,0.0,0.0,2.0,2.0,0.0,0.0,0.0,0.0,0.0,0.0
Assam,BONGAIGAON - AS19,E2W,OLA ELECTRIC TECHNOLOGIES PVT LTD,0.0,0.0,0.0,0.0,0.0,0.0,0.0,0.0,0.0,0.0,0.0,0.0,2.0,0.0,0.0,0.0,2.0,2.0,2.0,6.0,0.0,2.0,0.0
Assam,BONGAIGAON - AS19,E2W,PUR ENERGY PVT LTD,0.0,0.0,0.0,0.0,0.0,0.0,0.0,0.0,0.0,0.0,0.0,0.0,0.0,0.0,2.0,0.0,0.0,2.0,0.0,0.0,0.0,0.0,0.0
Assam,BONGAIGAON - AS19,E2W,TVS MOTOR COMPANY LTD,0.0,0.0,0.0,0.0,0.0,0.0,0.0,0.0,0.0,0.0,0.0,0.0,0.0,0.0,0.0,0.0,0.0,2.0,8.0,4.0,2.0,4.0,2.0
Assam,CACHAR - AS11,E2W,ATHER ENERGY LTD,0.0,0.0,0.0,0.0,0.0,0.0,0.0,0.0,0.0,0.0,0.0,0.0,12.0,36.0,58.0,20.0,42.0,22.0,64.0,78.0,54.0,38.0,84.0
Assam,CACHAR - AS11,E2W,BAJAJ AUTO LTD,0.0,0.0,0.0,0.0,0.0,0.0,0.0,0.0,0.0,0.0,0.0,0.0,20.0,8.0,14.0,12.0,12.0,8.0,6.0,6.0,2.0,2.0,4.0
Assam,CACHAR - AS11,E2W,KLB KOMAKI PVT LTD,0.0,0.0,0.0,0.0,0.0,0.0,0.0,0.0,0.0,0.0,0.0,0.0,2.0,0.0,0.0,0.0,0.0,0.0,0.0,0.0,0.0,0.0,0.0
Assam,CACHAR - AS11,E2W,LECTRIX E VEHICLES PVT LTD,0.0,0.0,0.0,0.0,0.0,0.0,0.0,0.0,0.0,0.0,0.0,0.0,0.0,0.0,0.0,0.0,0.0,0.0,0.0,0.0,0.0,0.0,0.0
Assam,CACHAR - AS11,E2W,OLA ELECTRIC TECHNOLOGIES PVT LTD,0.0,0.0,0.0,0.0,0.0,0.0,0.0,0.0,0.0,0.0,0.0,0.0,28.0,6.0,36.0,24.0,22.0,20.0,12.0,24.0,26.0,20.0,8.0
Assam,CACHAR - AS11,E2W,PUR ENERGY PVT LTD,0.0,0.0,0.0,0.0,0.0,0.0,0.0,0.0,0.0,0.0,0.0,0.0,2.0,4.0,2.0,8.0,2.0,0.0,0.0,0.0,2.0,2.0,2.0
Assam,CACHAR - AS11,E2W,REVOLT INTELLICORP PVT LTD,0.0,0.0,0.0,0.0,0.0,0.0,0.0,0.0,0.0,0.0,0.0,0.0,6.0,0.0,4.0,0.0,0.0,0.0,4.0,0.0,0.0,0.0,0.0
Assam,CACHAR - AS11,E2W,TVS MOTOR COMPANY LTD,0.0,0.0,0.0,0.0,0.0,0.0,0.0,0.0,0.0,0.0,0.0,0.0,2.0,6.0,2.0,2.0,10.0,12.0,10.0,4.0,14.0,6.0,6.0
Assam,CHARAIDEO - AS33,E2W,ATHER ENERGY LTD,0.0,0.0,0.0,0.0,0.0,0.0,0.0,0.0,0.0,0.0,0.0,0.0,0.0,0.0,0.0,0.0,0.0,0.0,0.0,0.0,0.0,0.0,0.0
Assam,CHARAIDEO - AS33,E2W,BAJAJ AUTO LTD,0.0,0.0,0.0,0.0,0.0,0.0,0.0,0.0,0.0,0.0,0.0,0.0,2.0,0.0,2.0,2.0,2.0,4.0,0.0,0.0,0.0,2.0,0.0
Assam,CHARAIDEO - AS33,E2W,OKINAWA AUTOTECH PVT LTD,0.0,0.0,0.0,0.0,0.0,0.0,0.0,0.0,0.0,0.0,0.0,0.0,2.0,0.0,0.0,0.0,0.0,0.0,0.0,0.0,0.0,0.0,0.0
Assam,CHARAIDEO - AS33,E2W,OLA ELECTRIC TECHNOLOGIES PVT LTD,0.0,0.0,0.0,0.0,0.0,0.0,0.0,0.0,0.0,0.0,0.0,0.0,0.0,0.0,2.0,0.0,2.0,2.0,0.0,2.0,0.0,2.0,0.0
Assam,CHARAIDEO - AS33,E2W,TVS MOTOR COMPANY LTD,0.0,0.0,0.0,0.0,0.0,0.0,0.0,0.0,0.0,0.0,0.0,0.0,0.0,0.0,2.0,4.0,8.0,0.0,4.0,4.0,2.0,0.0,0.0
Assam,CHIRANG - AS26,E2W,BAJAJ AUTO LTD,0.0,0.0,0.0,0.0,0.0,0.0,0.0,0.0,0.0,0.0,0.0,0.0,0.0,0.0,2.0,4.0,0.0,0.0,0.0,2.0,0.0,0.0,2.0
Assam,CHIRANG - AS26,E2W,GREAVES ELECTRIC MOBILITY PVT LTD,0.0,0.0,0.0,0.0,0.0,0.0,0.0,0.0,0.0,0.0,0.0,0.0,0.0,2.0,0.0,16.0,10.0,2.0,2.0,4.0,2.0,16.0,2.0
Assam,CHIRANG - AS26,E2W,OLA ELECTRIC TECHNOLOGIES PVT LTD,0.0,0.0,0.0,0.0,0.0,0.0,0.0,0.0,0.0,0.0,0.0,0.0,0.0,0.0,2.0,0.0,2.0,2.0,2.0,2.0,0.0,4.0,0.0
Assam,CHIRANG - AS26,E2W,TVS MOTOR COMPANY LTD,0.0,0.0,0.0,0.0,0.0,0.0,0.0,0.0,0.0,0.0,0.0,0.0,0.0,0.0,2.0,0.0,2.0,4.0,0.0,2.0,0.0,0.0,0.0
Assam,DARRANG - AS13,E2W,ATHER ENERGY LTD,0.0,0.0,0.0,0.0,0.0,0.0,0.0,0.0,0.0,0.0,0.0,0.0,0.0,0.0,0.0,0.0,0.0,0.0,2.0,2.0,0.0,0.0,0.0
Assam,DARRANG - AS13,E2W,BAJAJ AUTO LTD,0.0,0.0,0.0,0.0,0.0,0.0,0.0,0.0,0.0,0.0,0.0,0.0,4.0,4.0,2.0,2.0,0.0,2.0,2.0,4.0,0.0,4.0,2.0
Assam,DARRANG - AS13,E2W,CHINA HAOCHEN (IMPORTER: ADMS MARKETING),0.0,0.0,0.0,0.0,0.0,0.0,0.0,0.0,0.0,0.0,0.0,0.0,0.0,0.0,2.0,6.0,0.0,4.0,0.0,0.0,0.0,0.0,0.0
Assam,DARRANG - AS13,E2W,HERO MOTOCORP LTD,0.0,0.0,0.0,0.0,0.0,0.0,0.0,0.0,0.0,0.0,0.0,0.0,0.0,0.0,0.0,6.0,2.0,6.0,6.0,10.0,4.0,4.0,4.0
Assam,DARRANG - AS13,E2W,HONGKONG YIXING (IMPORTER: ADMS MARKETING),0.0,0.0,0.0,0.0,0.0,0.0,0.0,0.0,0.0,0.0,0.0,0.0,0.0,0.0,0.0,0.0,0.0,4.0,0.0,0.0,0.0,0.0,0.0
Assam,DARRANG - AS13,E2W,JUNENG MOTORCYCLE (IMPORTER: ADMS MARKETING),0.0,0.0,0.0,0.0,0.0,0.0,0.0,0.0,0.0,0.0,0.0,0.0,0.0,0.0,0.0,0.0,0.0,6.0,0.0,0.0,0.0,0.0,0.0
Assam,DARRANG - AS13,E2W,OLA ELECTRIC TECHNOLOGIES PVT LTD,0.0,0.0,0.0,0.0,0.0,0.0,0.0,0.0,0.0,0.0,0.0,0.0,14.0,8.0,2.0,10.0,20.0,6.0,14.0,16.0,12.0,16.0,16.0
Assam,DARRANG - AS13,E2W,TVS MOTOR COMPANY LTD,0.0,0.0,0.0,0.0,0.0,0.0,0.0,0.0,0.0,0.0,0.0,0.0,0.0,0.0,0.0,0.0,2.0,0.0,2.0,0.0,0.0,0.0,0.0
Assam,DHEMAJI - AS22,E2W,ATHER ENERGY LTD,0.0,0.0,0.0,0.0,0.0,0.0,0.0,0.0,0.0,0.0,0.0,0.0,0.0,0.0,0.0,0.0,0.0,0.0,0.0,0.0,0.0,0.0,0.0
Assam,DHEMAJI - AS22,E2W,BAJAJ AUTO LTD,0.0,0.0,0.0,0.0,0.0,0.0,0.0,0.0,0.0,0.0,0.0,0.0,0.0,0.0,0.0,0.0,0.0,0.0,0.0,2.0,0.0,0.0,0.0
Assam,DHEMAJI - AS22,E2W,OLA ELECTRIC TECHNOLOGIES PVT LTD,0.0,0.0,0.0,0.0,0.0,0.0,0.0,0.0,0.0,0.0,0.0,0.0,0.0,0.0,0.0,0.0,2.0,2.0,0.0,0.0,0.0,0.0,2.0
Assam,DHEMAJI - AS22,E2W,TVS MOTOR COMPANY LTD,0.0,0.0,0.0,0.0,0.0,0.0,0.0,0.0,0.0,0.0,0.0,0.0,0.0,0.0,0.0,0.0,0.0,0.0,0.0,0.0,0.0,4.0,0.0
Assam,DHUBRI - AS17,E2W,ATHER ENERGY LTD,0.0,0.0,0.0,0.0,0.0,0.0,0.0,0.0,0.0,0.0,0.0,0.0,0.0,0.0,0.0,0.0,0.0,0.0,0.0,2.0,0.0,0.0,0.0
Assam,DHUBRI - AS17,E2W,BAJAJ AUTO LTD,0.0,0.0,0.0,0.0,0.0,0.0,0.0,0.0,0.0,0.0,0.0,0.0,0.0,4.0,0.0,0.0,2.0,2.0,0.0,2.0,0.0,0.0,0.0
Assam,DHUBRI - AS17,E2W,GREAVES ELECTRIC MOBILITY PVT LTD,0.0,0.0,0.0,0.0,0.0,0.0,0.0,0.0,0.0,0.0,0.0,0.0,0.0,0.0,0.0,2.0,2.0,0.0,0.0,2.0,2.0,0.0,2.0
Assam,DHUBRI - AS17,E2W,OLA ELECTRIC TECHNOLOGIES PVT LTD,0.0,0.0,0.0,0.0,0.0,0.0,0.0,0.0,0.0,0.0,0.0,0.0,2.0,2.0,2.0,2.0,2.0,0.0,6.0,2.0,4.0,4.0,4.0
Assam,DHUBRI - AS17,E2W,TVS MOTOR COMPANY LTD,0.0,0.0,0.0,0.0,0.0,0.0,0.0,0.0,0.0,0.0,0.0,0.0,6.0,2.0,0.0,0.0,0.0,2.0,0.0,0.0,2.0,0.0,4.0
Assam,DIBRUGARH - AS6,E2W,ATHER ENERGY LTD,0.0,0.0,0.0,0.0,0.0,0.0,0.0,0.0,0.0,0.0,0.0,0.0,6.0,4.0,6.0,4.0,4.0,10.0,6.0,8.0,8.0,16.0,2.0
Assam,DIBRUGARH - AS6,E2W,BAJAJ AUTO LTD,0.0,0.0,0.0,0.0,0.0,0.0,0.0,0.0,0.0,0.0,0.0,0.0,0.0,2.0,10.0,16.0,10.0,2.0,6.0,4.0,2.0,4.0,0.0
Assam,DIBRUGARH - AS6,E2W,HERO MOTOCORP LTD,0.0,0.0,0.0,0.0,0.0,0.0,0.0,0.0,0.0,0.0,0.0,0.0,0.0,0.0,0.0,0.0,0.0,0.0,0.0,0.0,2.0,0.0,0.0
Assam,DIBRUGARH - AS6,E2W,LECTRIX E VEHICLES PVT LTD,0.0,0.0,0.0,0.0,0.0,0.0,0.0,0.0,0.0,0.0,0.0,0.0,0.0,0.0,0.0,0.0,0.0,0.0,0.0,2.0,2.0,4.0,2.0
Assam,DIBRUGARH - AS6,E2W,OKAYA EV PVT LTD,0.0,0.0,0.0,0.0,0.0,0.0,0.0,0.0,0.0,0.0,0.0,0.0,2.0,0.0,0.0,0.0,0.0,0.0,0.0,0.0,0.0,2.0,2.0
Assam,DIBRUGARH - AS6,E2W,OLA ELECTRIC TECHNOLOGIES PVT LTD,0.0,0.0,0.0,0.0,0.0,0.0,0.0,0.0,0.0,0.0,0.0,0.0,14.0,8.0,12.0,18.0,28.0,16.0,26.0,22.0,8.0,22.0,10.0
Assam,DIBRUGARH - AS6,E2W,TVS MOTOR COMPANY LTD,0.0,0.0,0.0,0.0,0.0,0.0,0.0,0.0,0.0,0.0,0.0,0.0,2.0,2.0,8.0,6.0,6.0,2.0,18.0,12.0,14.0,14.0,6.0
Assam,GOALPARA - AS18,E2W,BAJAJ AUTO LTD,0.0,0.0,0.0,0.0,0.0,0.0,0.0,0.0,0.0,0.0,0.0,0.0,2.0,0.0,0.0,0.0,0.0,0.0,2.0,0.0,2.0,0.0,2.0
Assam,GOALPARA - AS18,E2W,CHINA HAOCHEN (IMPORTER: ADMS MARKETING),0.0,0.0,0.0,0.0,0.0,0.0,0.0,0.0,0.0,0.0,0.0,0.0,0.0,0.0,0.0,0.0,0.0,0.0,0.0,2.0,0.0,0.0,0.0
Assam,GOALPARA - AS18,E2W,GREAVES ELECTRIC MOBILITY PVT LTD,0.0,0.0,0.0,0.0,0.0,0.0,0.0,0.0,0.0,0.0,0.0,0.0,0.0,0.0,0.0,0.0,0.0,2.0,0.0,0.0,0.0,0.0,0.0
Assam,GOALPARA - AS18,E2W,OLA ELECTRIC TECHNOLOGIES PVT LTD,0.0,0.0,0.0,0.0,0.0,0.0,0.0,0.0,0.0,0.0,0.0,0.0,0.0,0.0,4.0,2.0,4.0,0.0,8.0,4.0,8.0,4.0,2.0
Assam,GOALPARA - AS18,E2W,TVS MOTOR COMPANY LTD,0.0,0.0,0.0,0.0,0.0,0.0,0.0,0.0,0.0,0.0,0.0,0.0,0.0,0.0,4.0,2.0,0.0,2.0,0.0,8.0,2.0,0.0,2.0
Assam,GOLAGHAT - AS5,E2W,BAJAJ AUTO LTD,0.0,0.0,0.0,0.0,0.0,0.0,0.0,0.0,0.0,0.0,0.0,0.0,8.0,4.0,6.0,10.0,8.0,16.0,8.0,4.0,8.0,2.0,2.0
Assam,GOLAGHAT - AS5,E2W,KLB KOMAKI PVT LTD,0.0,0.0,0.0,0.0,0.0,0.0,0.0,0.0,0.0,0.0,0.0,0.0,0.0,0.0,0.0,0.0,0.0,0.0,2.0,0.0,0.0,0.0,0.0
Assam,GOLAGHAT - AS5,E2W,OLA ELECTRIC TECHNOLOGIES PVT LTD,0.0,0.0,0.0,0.0,0.0,0.0,0.0,0.0,0.0,0.0,0.0,0.0,0.0,0.0,6.0,2.0,0.0,6.0,4.0,4.0,4.0,2.0,2.0
Assam,GOLAGHAT - AS5,E2W,TVS MOTOR COMPANY LTD,0.0,0.0,0.0,0.0,0.0,0.0,0.0,0.0,0.0,0.0,0.0,0.0,0.0,0.0,0.0,4.0,6.0,0.0,6.0,4.0,2.0,0.0,4.0
Assam,GOLAGHAT - AS5,E2W,WARDWIZARD INNOVATIONS & MOBILITY LIMITED,0.0,0.0,0.0,0.0,0.0,0.0,0.0,0.0,0.0,0.0,0.0,0.0,0.0,0.0,2.0,0.0,0.0,0.0,0.0,0.0,0.0,0.0,0.0
Assam,HAILAKANDI - AS24,E2W,ATHER ENERGY LTD,0.0,0.0,0.0,0.0,0.0,0.0,0.0,0.0,0.0,0.0,0.0,0.0,10.0,0.0,14.0,10.0,4.0,12.0,0.0,18.0,8.0,8.0,12.0
Assam,HAILAKANDI - AS24,E2W,BAJAJ AUTO LTD,0.0,0.0,0.0,0.0,0.0,0.0,0.0,0.0,0.0,0.0,0.0,0.0,0.0,2.0,0.0,0.0,0.0,0.0,2.0,0.0,0.0,0.0,0.0
Assam,HAILAKANDI - AS24,E2W,CHINA HAOCHEN (IMPORTER: ADMS MARKETING),0.0,0.0,0.0,0.0,0.0,0.0,0.0,0.0,0.0,0.0,0.0,0.0,0.0,0.0,0.0,0.0,0.0,0.0,2.0,0.0,0.0,0.0,0.0
Assam,HAILAKANDI - AS24,E2W,OLA ELECTRIC TECHNOLOGIES PVT LTD,0.0,0.0,0.0,0.0,0.0,0.0,0.0,0.0,0.0,0.0,0.0,0.0,0.0,0.0,2.0,2.0,0.0,0.0,6.0,0.0,0.0,0.0,4.0
Assam,HAILAKANDI - AS24,E2W,REVOLT INTELLICORP PVT LTD,0.0,0.0,0.0,0.0,0.0,0.0,0.0,0.0,0.0,0.0,0.0,0.0,2.0,0.0,0.0,0.0,0.0,4.0,0.0,0.0,2.0,0.0,0.0
Assam,HAILAKANDI - AS24,E2W,TVS MOTOR COMPANY LTD,0.0,0.0,0.0,0.0,0.0,0.0,0.0,0.0,0.0,0.0,0.0,0.0,0.0,0.0,0.0,0.0,0.0,0.0,0.0,0.0,0.0,0.0,2.0
Assam,HOJAI - AS31,E2W,BAJAJ AUTO LTD,0.0,0.0,0.0,0.0,0.0,0.0,0.0,0.0,0.0,0.0,0.0,0.0,2.0,8.0,10.0,4.0,6.0,12.0,8.0,8.0,4.0,2.0,8.0
Assam,HOJAI - AS31,E2W,E-SPRINTO GREEN ENERGY PVT LTD,0.0,0.0,0.0,0.0,0.0,0.0,0.0,0.0,0.0,0.0,0.0,0.0,0.0,0.0,4.0,0.0,2.0,0.0,0.0,0.0,0.0,0.0,0.0
Assam,HOJAI - AS31,E2W,OLA ELECTRIC TECHNOLOGIES PVT LTD,0.0,0.0,0.0,0.0,0.0,0.0,0.0,0.0,0.0,0.0,0.0,0.0,2.0,2.0,6.0,6.0,12.0,6.0,14.0,4.0,10.0,10.0,4.0
Assam,HOJAI - AS31,E2W,TVS MOTOR COMPANY LTD,0.0,0.0,0.0,0.0,0.0,0.0,0.0,0.0,0.0,0.0,0.0,0.0,0.0,0.0,0.0,2.0,4.0,2.0,2.0,4.0,8.0,8.0,0.0
Assam,JORHAT - AS3,E2W,ATHER ENERGY LTD,0.0,0.0,0.0,0.0,0.0,0.0,0.0,0.0,0.0,0.0,0.0,0.0,0.0,0.0,0.0,0.0,0.0,0.0,0.0,0.0,2.0,0.0,0.0
Assam,JORHAT - AS3,E2W,BAJAJ AUTO LTD,0.0,0.0,0.0,0.0,0.0,0.0,0.0,0.0,0.0,0.0,0.0,0.0,4.0,6.0,8.0,0.0,14.0,10.0,2.0,6.0,6.0,2.0,0.0
Assam,JORHAT - AS3,E2W,KLB KOMAKI PVT LTD,0.0,0.0,0.0,0.0,0.0,0.0,0.0,0.0,0.0,0.0,0.0,0.0,0.0,0.0,0.0,0.0,0.0,0.0,2.0,0.0,0.0,0.0,0.0
Assam,JORHAT - AS3,E2W,LECTRIX E VEHICLES PVT LTD,0.0,0.0,0.0,0.0,0.0,0.0,0.0,0.0,0.0,0.0,0.0,0.0,0.0,0.0,0.0,0.0,0.0,2.0,0.0,0.0,0.0,0.0,2.0
Assam,JORHAT - AS3,E2W,OKINAWA AUTOTECH PVT LTD,0.0,0.0,0.0,0.0,0.0,0.0,0.0,0.0,0.0,0.0,0.0,0.0,0.0,0.0,0.0,0.0,0.0,2.0,0.0,0.0,0.0,0.0,0.0
Assam,JORHAT - AS3,E2W,OLA ELECTRIC TECHNOLOGIES PVT LTD,0.0,0.0,0.0,0.0,0.0,0.0,0.0,0.0,0.0,0.0,0.0,0.0,24.0,10.0,24.0,24.0,10.0,26.0,14.0,12.0,34.0,28.0,8.0
Assam,JORHAT - AS3,E2W,TVS MOTOR COMPANY LTD,0.0,0.0,0.0,0.0,0.0,0.0,0.0,0.0,0.0,0.0,0.0,0.0,0.0,0.0,0.0,4.0,2.0,4.0,4.0,4.0,8.0,2.0,6.0
Assam,JORHAT - AS3,E2W,WARDWIZARD INNOVATIONS & MOBILITY LIMITED,0.0,0.0,0.0,0.0,0.0,0.0,0.0,0.0,0.0,0.0,0.0,0.0,0.0,4.0,0.0,0.0,0.0,0.0,0.0,0.0,0.0,0.0,0.0
Assam,KAMRUP - AS1,E2W,ATHER ENERGY LTD,0.0,0.0,0.0,0.0,0.0,0.0,0.0,0.0,0.0,0.0,0.0,0.0,24.0,8.0,30.0,16.0,0.0,30.0,44.0,36.0,50.0,54.0,24.0
Assam,KAMRUP - AS1,E2W,BAJAJ AUTO LTD,0.0,0.0,0.0,0.0,0.0,0.0,0.0,0.0,0.0,0.0,0.0,0.0,16.0,26.0,78.0,38.0,48.0,44.0,48.0,20.0,32.0,24.0,42.0
Assam,KAMRUP - AS1,E2W,BOUNCE ELECTRIC 1 PVT LTD,0.0,0.0,0.0,0.0,0.0,0.0,0.0,0.0,0.0,0.0,0.0,0.0,0.0,0.0,2.0,0.0,0.0,0.0,0.0,0.0,0.0,0.0,0.0
Assam,KAMRUP - AS1,E2W,GREAVES ELECTRIC MOBILITY PVT LTD,0.0,0.0,0.0,0.0,0.0,0.0,0.0,0.0,0.0,0.0,0.0,0.0,0.0,24.0,16.0,2.0,0.0,0.0,2.0,52.0,50.0,0.0,0.0
Assam,KAMRUP - AS1,E2W,HERO MOTOCORP LTD,0.0,0.0,0.0,0.0,0.0,0.0,0.0,0.0,0.0,0.0,0.0,0.0,2.0,2.0,6.0,28.0,10.0,16.0,18.0,18.0,36.0,16.0,32.0
Assam,KAMRUP - AS1,E2W,KINETIC GREEN ENERGY & POWER SOLUTIONS LTD,0.0,0.0,0.0,0.0,0.0,0.0,0.0,0.0,0.0,0.0,0.0,0.0,0.0,0.0,0.0,0.0,4.0,2.0,2.0,0.0,6.0,0.0,2.0
Assam,KAMRUP - AS1,E2W,OKAYA EV PVT LTD,0.0,0.0,0.0,0.0,0.0,0.0,0.0,0.0,0.0,0.0,0.0,0.0,0.0,0.0,0.0,2.0,0.0,0.0,0.0,0.0,0.0,0.0,0.0
Assam,KAMRUP - AS1,E2W,OLA ELECTRIC TECHNOLOGIES PVT LTD,0.0,0.0,0.0,0.0,0.0,0.0,0.0,0.0,0.0,0.0,0.0,0.0,32.0,12.0,30.0,16.0,48.0,30.0,26.0,24.0,16.0,50.0,20.0
Assam,KAMRUP - AS1,E2W,REVOLT INTELLICORP PVT LTD,0.0,0.0,0.0,0.0,0.0,0.0,0.0,0.0,0.0,0.0,0.0,0.0,0.0,0.0,0.0,0.0,0.0,0.0,4.0,12.0,0.0,0.0,0.0
Assam,KAMRUP - AS1,E2W,SOKUDO ELECTRIC INDIA PVT LTD,0.0,0.0,0.0,0.0,0.0,0.0,0.0,0.0,0.0,0.0,0.0,0.0,0.0,0.0,0.0,0.0,0.0,0.0,0.0,0.0,0.0,2.0,4.0
Assam,KAMRUP - AS1,E2W,TVS MOTOR COMPANY LTD,0.0,0.0,0.0,0.0,0.0,0.0,0.0,0.0,0.0,0.0,0.0,0.0,4.0,8.0,20.0,10.0,16.0,16.0,24.0,10.0,18.0,18.0,14.0
Assam,KAMRUP - AS1,E2W,ULTRAVIOLETTE AUTOMOTIVE PVT LTD,0.0,0.0,0.0,0.0,0.0,0.0,0.0,0.0,0.0,0.0,0.0,0.0,0.0,0.0,0.0,2.0,0.0,0.0,0.0,0.0,0.0,0.0,0.0
Assam,KAMRUP - AS1,E2W,WARDWIZARD INNOVATIONS & MOBILITY LIMITED,0.0,0.0,0.0,0.0,0.0,0.0,0.0,0.0,0.0,0.0,0.0,0.0,0.0,2.0,0.0,0.0,2.0,0.0,4.0,0.0,2.0,0.0,0.0
Assam,KAMRUP(RURAL) - AS25,E2W,ATHER ENERGY LTD,0.0,0.0,0.0,0.0,0.0,0.0,0.0,0.0,0.0,0.0,0.0,0.0,0.0,0.0,0.0,0.0,0.0,0.0,0.0,2.0,0.0,0.0,0.0
Assam,KAMRUP(RURAL) - AS25,E2W,BAJAJ AUTO LTD,0.0,0.0,0.0,0.0,0.0,0.0,0.0,0.0,0.0,0.0,0.0,0.0,0.0,0.0,0.0,2.0,0.0,0.0,0.0,0.0,0.0,2.0,0.0
Assam,KAMRUP(RURAL) - AS25,E2W,HERO MOTOCORP LTD,0.0,0.0,0.0,0.0,0.0,0.0,0.0,0.0,0.0,0.0,0.0,0.0,0.0,0.0,0.0,2.0,0.0,0.0,0.0,0.0,0.0,0.0,2.0
Assam,KAMRUP(RURAL) - AS25,E2W,OLA ELECTRIC TECHNOLOGIES PVT LTD,0.0,0.0,0.0,0.0,0.0,0.0,0.0,0.0,0.0,0.0,0.0,0.0,16.0,6.0,14.0,4.0,4.0,2.0,6.0,28.0,2.0,6.0,2.0
Assam,KAMRUP(RURAL) - AS25,E2W,TVS MOTOR COMPANY LTD,0.0,0.0,0.0,0.0,0.0,0.0,0.0,0.0,0.0,0.0,0.0,0.0,0.0,0.0,2.0,0.0,0.0,2.0,0.0,0.0,2.0,0.0,0.0
Assam,KARBI ANGLONG - AS9,E2W,BAJAJ AUTO LTD,0.0,0.0,0.0,0.0,0.0,0.0,0.0,0.0,0.0,0.0,0.0,0.0,4.0,0.0,10.0,10.0,6.0,0.0,8.0,0.0,2.0,2.0,4.0
Assam,KARBI ANGLONG - AS9,E2W,GREAVES ELECTRIC MOBILITY PVT LTD,0.0,0.0,0.0,0.0,0.0,0.0,0.0,0.0,0.0,0.0,0.0,0.0,0.0,0.0,0.0,0.0,0.0,20.0,0.0,0.0,0.0,0.0,0.0
Assam,KARBI ANGLONG - AS9,E2W,OLA ELECTRIC TECHNOLOGIES PVT LTD,0.0,0.0,0.0,0.0,0.0,0.0,0.0,0.0,0.0,0.0,0.0,0.0,0.0,0.0,0.0,0.0,0.0,0.0,2.0,2.0,4.0,6.0,2.0
Assam,KARBI ANGLONG - AS9,E2W,TVS MOTOR COMPANY LTD,0.0,0.0,0.0,0.0,0.0,0.0,0.0,0.0,0.0,0.0,0.0,0.0,0.0,0.0,2.0,0.0,0.0,2.0,2.0,0.0,0.0,0.0,2.0
Assam,KARIMGANJ - AS10,E2W,ATHER ENERGY LTD,0.0,0.0,0.0,0.0,0.0,0.0,0.0,0.0,0.0,0.0,0.0,0.0,16.0,18.0,24.0,8.0,14.0,10.0,2.0,18.0,8.0,8.0,12.0
Assam,KARIMGANJ - AS10,E2W,BAJAJ AUTO LTD,0.0,0.0,0.0,0.0,0.0,0.0,0.0,0.0,0.0,0.0,0.0,0.0,0.0,0.0,6.0,0.0,0.0,0.0,2.0,0.0,2.0,0.0,0.0
Assam,KARIMGANJ - AS10,E2W,OLA ELECTRIC TECHNOLOGIES PVT LTD,0.0,0.0,0.0,0.0,0.0,0.0,0.0,0.0,0.0,0.0,0.0,0.0,2.0,0.0,0.0,2.0,2.0,2.0,4.0,0.0,2.0,0.0,0.0
Assam,KARIMGANJ - AS10,E2W,PUR ENERGY PVT LTD,0.0,0.0,0.0,0.0,0.0,0.0,0.0,0.0,0.0,0.0,0.0,0.0,0.0,0.0,0.0,0.0,0.0,0.0,0.0,6.0,4.0,0.0,0.0
Assam,KARIMGANJ - AS10,E2W,TVS MOTOR COMPANY LTD,0.0,0.0,0.0,0.0,0.0,0.0,0.0,0.0,0.0,0.0,0.0,0.0,0.0,2.0,0.0,2.0,0.0,4.0,2.0,2.0,4.0,2.0,0.0
Assam,KOKRAJHAR - AS16,E2W,GREAVES ELECTRIC MOBILITY PVT LTD,0.0,0.0,0.0,0.0,0.0,0.0,0.0,0.0,0.0,0.0,0.0,0.0,0.0,0.0,0.0,0.0,2.0,0.0,0.0,0.0,0.0,4.0,0.0
Assam,KOKRAJHAR - AS16,E2W,KINETIC GREEN ENERGY & POWER SOLUTIONS LTD,0.0,0.0,0.0,0.0,0.0,0.0,0.0,0.0,0.0,0.0,0.0,0.0,0.0,0.0,0.0,0.0,8.0,2.0,2.0,0.0,0.0,0.0,2.0
Assam,KOKRAJHAR - AS16,E2W,OLA ELECTRIC TECHNOLOGIES PVT LTD,0.0,0.0,0.0,0.0,0.0,0.0,0.0,0.0,0.0,0.0,0.0,0.0,0.0,0.0,0.0,2.0,0.0,0.0,2.0,0.0,0.0,0.0,2.0
Assam,KOKRAJHAR - AS16,E2W,TVS MOTOR COMPANY LTD,0.0,0.0,0.0,0.0,0.0,0.0,0.0,0.0,0.0,0.0,0.0,0.0,0.0,0.0,0.0,0.0,6.0,2.0,2.0,8.0,2.0,0.0,0.0
Assam,LAKHIMPUR - AS7,E2W,ATHER ENERGY LTD,0.0,0.0,0.0,0.0,0.0,0.0,0.0,0.0,0.0,0.0,0.0,0.0,0.0,0.0,0.0,0.0,0.0,0.0,0.0,4.0,2.0,12.0,4.0
Assam,LAKHIMPUR - AS7,E2W,BAJAJ AUTO LTD,0.0,0.0,0.0,0.0,0.0,0.0,0.0,0.0,0.0,0.0,0.0,0.0,4.0,0.0,0.0,2.0,2.0,0.0,0.0,0.0,0.0,0.0,0.0
Assam,LAKHIMPUR - AS7,E2W,GREAVES ELECTRIC MOBILITY PVT LTD,0.0,0.0,0.0,0.0,0.0,0.0,0.0,0.0,0.0,0.0,0.0,0.0,12.0,8.0,16.0,2.0,24.0,4.0,4.0,8.0,2.0,4.0,6.0
Assam,LAKHIMPUR - AS7,E2W,KINETIC GREEN ENERGY & POWER SOLUTIONS LTD,0.0,0.0,0.0,0.0,0.0,0.0,0.0,0.0,0.0,0.0,0.0,0.0,0.0,0.0,0.0,2.0,0.0,2.0,2.0,4.0,6.0,0.0,2.0
Assam,LAKHIMPUR - AS7,E2W,OKAYA EV PVT LTD,0.0,0.0,0.0,0.0,0.0,0.0,0.0,0.0,0.0,0.0,0.0,0.0,2.0,0.0,0.0,0.0,0.0,4.0,0.0,0.0,0.0,0.0,0.0
Assam,LAKHIMPUR - AS7,E2W,OLA ELECTRIC TECHNOLOGIES PVT LTD,0.0,0.0,0.0,0.0,0.0,0.0,0.0,0.0,0.0,0.0,0.0,0.0,2.0,0.0,0.0,2.0,2.0,2.0,2.0,2.0,0.0,0.0,0.0
Assam,LAKHIMPUR - AS7,E2W,TVS MOTOR COMPANY LTD,0.0,0.0,0.0,0.0,0.0,0.0,0.0,0.0,0.0,0.0,0.0,0.0,0.0,0.0,2.0,8.0,4.0,4.0,2.0,2.0,2.0,4.0,8.0
Assam,MAJULI - AS29,E2W,BAJAJ AUTO LTD,0.0,0.0,0.0,0.0,0.0,0.0,0.0,0.0,0.0,0.0,0.0,0.0,0.0,0.0,0.0,0.0,0.0,0.0,0.0,2.0,0.0,0.0,0.0
Assam,MAJULI - AS29,E2W,OLA ELECTRIC TECHNOLOGIES PVT LTD,0.0,0.0,0.0,0.0,0.0,0.0,0.0,0.0,0.0,0.0,0.0,0.0,0.0,0.0,0.0,0.0,0.0,2.0,0.0,0.0,0.0,0.0,2.0
Assam,MAJULI - AS29,E2W,TVS MOTOR COMPANY LTD,0.0,0.0,0.0,0.0,0.0,0.0,0.0,0.0,0.0,0.0,0.0,0.0,0.0,0.0,0.0,2.0,2.0,0.0,0.0,0.0,0.0,2.0,2.0
Assam,MORIGAON - AS21,E2W,ATHER ENERGY LTD,0.0,0.0,0.0,0.0,0.0,0.0,0.0,0.0,0.0,0.0,0.0,0.0,0.0,0.0,0.0,0.0,0.0,0.0,0.0,0.0,0.0,0.0,0.0
Assam,MORIGAON - AS21,E2W,BAJAJ AUTO LTD,0.0,0.0,0.0,0.0,0.0,0.0,0.0,0.0,0.0,0.0,0.0,0.0,0.0,0.0,4.0,0.0,0.0,4.0,4.0,0.0,0.0,6.0,0.0
Assam,MORIGAON - AS21,E2W,GREAVES ELECTRIC MOBILITY PVT LTD,0.0,0.0,0.0,0.0,0.0,0.0,0.0,0.0,0.0,0.0,0.0,0.0,0.0,0.0,0.0,0.0,0.0,0.0,0.0,0.0,0.0,2.0,0.0
Assam,MORIGAON - AS21,E2W,OKINAWA AUTOTECH PVT LTD,0.0,0.0,0.0,0.0,0.0,0.0,0.0,0.0,0.0,0.0,0.0,0.0,0.0,0.0,4.0,4.0,0.0,0.0,2.0,2.0,2.0,0.0,0.0
Assam,MORIGAON - AS21,E2W,OLA ELECTRIC TECHNOLOGIES PVT LTD,0.0,0.0,0.0,0.0,0.0,0.0,0.0,0.0,0.0,0.0,0.0,0.0,2.0,0.0,0.0,8.0,10.0,2.0,0.0,4.0,4.0,2.0,2.0
Assam,MORIGAON - AS21,E2W,TVS MOTOR COMPANY LTD,0.0,0.0,0.0,0.0,0.0,0.0,0.0,0.0,0.0,0.0,0.0,0.0,0.0,0.0,0.0,0.0,0.0,0.0,4.0,0.0,0.0,0.0,0.0
Assam,NAGAON - AS2,E2W,ATHER ENERGY LTD,0.0,0.0,0.0,0.0,0.0,0.0,0.0,0.0,0.0,0.0,0.0,0.0,0.0,0.0,0.0,0.0,0.0,0.0,0.0,0.0,0.0,2.0,2.0
Assam,NAGAON - AS2,E2W,BAJAJ AUTO LTD,0.0,0.0,0.0,0.0,0.0,0.0,0.0,0.0,0.0,0.0,0.0,0.0,2.0,10.0,4.0,8.0,8.0,2.0,4.0,4.0,4.0,2.0,4.0
Assam,NAGAON - AS2,E2W,GREAVES ELECTRIC MOBILITY PVT LTD,0.0,0.0,0.0,0.0,0.0,0.0,0.0,0.0,0.0,0.0,0.0,0.0,2.0,0.0,0.0,0.0,0.0,0.0,0.0,2.0,2.0,0.0,0.0
Assam,NAGAON - AS2,E2W,HERO MOTOCORP LTD,0.0,0.0,0.0,0.0,0.0,0.0,0.0,0.0,0.0,0.0,0.0,0.0,0.0,0.0,4.0,2.0,4.0,4.0,2.0,4.0,6.0,10.0,12.0
Assam,NAGAON - AS2,E2W,KLB KOMAKI PVT LTD,0.0,0.0,0.0,0.0,0.0,0.0,0.0,0.0,0.0,0.0,0.0,0.0,0.0,0.0,0.0,2.0,0.0,0.0,2.0,0.0,0.0,0.0,0.0
Assam,NAGAON - AS2,E2W,OKINAWA AUTOTECH PVT LTD,0.0,0.0,0.0,0.0,0.0,0.0,0.0,0.0,0.0,0.0,0.0,0.0,0.0,12.0,2.0,0.0,0.0,8.0,0.0,6.0,0.0,0.0,0.0
Assam,NAGAON - AS2,E2W,OLA ELECTRIC TECHNOLOGIES PVT LTD,0.0,0.0,0.0,0.0,0.0,0.0,0.0,0.0,0.0,0.0,0.0,0.0,16.0,14.0,16.0,26.0,24.0,30.0,36.0,40.0,20.0,30.0,18.0
Assam,NAGAON - AS2,E2W,TVS MOTOR COMPANY LTD,0.0,0.0,0.0,0.0,0.0,0.0,0.0,0.0,0.0,0.0,0.0,0.0,4.0,0.0,2.0,6.0,6.0,4.0,4.0,12.0,0.0,10.0,4.0
Assam,NALBARI - AS14,E2W,BAJAJ AUTO LTD,0.0,0.0,0.0,0.0,0.0,0.0,0.0,0.0,0.0,0.0,0.0,0.0,0.0,8.0,0.0,4.0,0.0,0.0,0.0,0.0,0.0,0.0,0.0
Assam,NALBARI - AS14,E2W,HERO MOTOCORP LTD,0.0,0.0,0.0,0.0,0.0,0.0,0.0,0.0,0.0,0.0,0.0,0.0,0.0,0.0,0.0,0.0,6.0,0.0,0.0,0.0,0.0,0.0,0.0
Assam,NALBARI - AS14,E2W,OLA ELECTRIC TECHNOLOGIES PVT LTD,0.0,0.0,0.0,0.0,0.0,0.0,0.0,0.0,0.0,0.0,0.0,0.0,2.0,0.0,4.0,4.0,8.0,4.0,6.0,4.0,4.0,0.0,2.0
Assam,NALBARI - AS14,E2W,PUR ENERGY PVT LTD,0.0,0.0,0.0,0.0,0.0,0.0,0.0,0.0,0.0,0.0,0.0,0.0,0.0,0.0,2.0,0.0,0.0,0.0,0.0,0.0,0.0,0.0,0.0
Assam,NALBARI - AS14,E2W,TVS MOTOR COMPANY LTD,0.0,0.0,0.0,0.0,0.0,0.0,0.0,0.0,0.0,0.0,0.0,0.0,0.0,2.0,2.0,2.0,4.0,2.0,4.0,0.0,0.0,4.0,2.0
